-7.08,-6.96,-6.84,-6.72,-6.6,-6.48,-6.36,-6.24,-6.12,-6,-5.88,-5.76,-5.64,-5.52,-5.4,-5.28,-5.16,-5.04,-4.92,-4.8,-4.68,-4.56,-4.44,-4.32,-4.2,-4.08,-3.96,-3.84,-3.72,-3.6,-3.48,-3.36,-3.24,-3.12,-3,-2.88,-2.76,-2.64,-2.52,-2.4,-2.28,-2.16,-2.04,-1.92,-1.8,-1.68,-1.56,-1.44,-1.32,-1.2,-1.08,-0.96,-0.84,-0.72,-0.6,-0.48,-0.36,-0.24,-0.12,0,0.12,0.24,0.36,0.48,0.6,0.72,0.84,0.96,1.08,1.2,1.32,1.44,1.56,1.68,1.8,1.92,2.04,2.16,2.28,2.4,2.52,2.64,2.76,2.88,3,3.12,3.24,3.36,3.48,3.6,3.72,3.84,3.96,4.08,4.2,4.32,4.44,4.56,4.68,4.8,4.92
-4.5,-4.25,-4,-3.75,-3.5,-3.25,-3,-2.75,-2.5,-2.25,-2,-1.75,-1.5,-1.25,-1,-0.75,-0.5,-0.25,0,0.25,0.5,0.75,1,1.25,1.5,1.75,2,2.25,2.5,2.75,3,3.25,3.5,3.75,4,4.25,4.5,4.75,5,5.25,5.5,5.75,6,6.25,6.5,6.75,7,7.25,7.5,NaN,NaN,NaN,NaN,NaN,NaN,NaN,NaN,NaN,NaN,NaN,NaN,NaN,NaN,NaN,NaN,NaN,NaN,NaN,NaN,NaN,NaN,NaN,NaN,NaN,NaN,NaN,NaN,NaN,NaN,NaN,NaN,NaN,NaN,NaN,NaN,NaN,NaN,NaN,NaN,NaN,NaN,NaN,NaN,NaN,NaN,NaN,NaN,NaN,NaN,NaN,NaN
-6,-5.88,-5.76,-5.64,-5.52,-5.4,-5.28,-5.16,-5.04,-4.92,-4.8,-4.68,-4.56,-4.44,-4.32,-4.2,-4.08,-3.96,-3.84,-3.72,-3.6,-3.48,-3.36,-3.24,-3.12,-3,-2.88,-2.76,-2.64,-2.52,-2.4,-2.28,-2.16,-2.04,-1.92,-1.8,-1.68,-1.56,-1.44,-1.32,-1.2,-1.08,-0.96,-0.84,-0.72,-0.6,-0.48,-0.36,-0.24,-0.12,0,0.12,0.24,0.36,0.48,0.6,0.72,0.84,0.96,1.08,1.2,1.32,1.44,1.56,1.68,1.8,1.92,2.04,2.16,2.28,2.4,2.52,2.64,2.76,2.88,3,3.12,3.24,3.36,3.48,3.6,3.72,3.84,3.96,4.08,4.2,4.32,4.44,4.56,4.68,4.8,4.92,5.04,5.16,5.28,5.4,5.52,5.64,5.76,5.88,6
-4.5,-4.25,-4,-3.75,-3.5,-3.25,-3,-2.75,-2.5,-2.25,-2,-1.75,-1.5,-1.25,-1,-0.75,-0.5,-0.25,0,0.25,0.5,0.75,1,1.25,1.5,1.75,2,2.25,2.5,2.75,3,3.25,3.5,3.75,4,4.25,4.5,4.75,5,5.25,5.5,5.75,6,6.25,6.5,6.75,7,7.25,7.5,NaN,NaN,NaN,NaN,NaN,NaN,NaN,NaN,NaN,NaN,NaN,NaN,NaN,NaN,NaN,NaN,NaN,NaN,NaN,NaN,NaN,NaN,NaN,NaN,NaN,NaN,NaN,NaN,NaN,NaN,NaN,NaN,NaN,NaN,NaN,NaN,NaN,NaN,NaN,NaN,NaN,NaN,NaN,NaN,NaN,NaN,NaN,NaN,NaN,NaN,NaN,NaN
-5.5,-5.25,-5,-4.75,-4.5,-4.25,-4,-3.75,-3.5,-3.25,-3,-2.75,-2.5,-2.25,-2,-1.75,-1.5,-1.25,-1,-0.75,-0.5,-0.25,0,0.25,0.5,0.75,1,1.25,1.5,1.75,2,2.25,2.5,2.75,3,3.25,3.5,3.75,4,4.25,4.5,4.75,5,5.25,5.5,5.75,6,6.25,6.5,NaN,NaN,NaN,NaN,NaN,NaN,NaN,NaN,NaN,NaN,NaN,NaN,NaN,NaN,NaN,NaN,NaN,NaN,NaN,NaN,NaN,NaN,NaN,NaN,NaN,NaN,NaN,NaN,NaN,NaN,NaN,NaN,NaN,NaN,NaN,NaN,NaN,NaN,NaN,NaN,NaN,NaN,NaN,NaN,NaN,NaN,NaN,NaN,NaN,NaN,NaN,NaN
-5.5,-5.25,-5,-4.75,-4.5,-4.25,-4,-3.75,-3.5,-3.25,-3,-2.75,-2.5,-2.25,-2,-1.75,-1.5,-1.25,-1,-0.75,-0.5,-0.25,0,0.25,0.5,0.75,1,1.25,1.5,1.75,2,2.25,2.5,2.75,3,3.25,3.5,3.75,4,4.25,4.5,4.75,5,5.25,5.5,5.75,6,6.25,6.5,NaN,NaN,NaN,NaN,NaN,NaN,NaN,NaN,NaN,NaN,NaN,NaN,NaN,NaN,NaN,NaN,NaN,NaN,NaN,NaN,NaN,NaN,NaN,NaN,NaN,NaN,NaN,NaN,NaN,NaN,NaN,NaN,NaN,NaN,NaN,NaN,NaN,NaN,NaN,NaN,NaN,NaN,NaN,NaN,NaN,NaN,NaN,NaN,NaN,NaN,NaN,NaN
-4.25,-4,-3.75,-3.5,-3.25,-3,-2.75,-2.5,-2.25,-2,-1.75,-1.5,-1.25,-1,-0.75,-0.5,-0.25,0,0.25,0.5,0.75,1,1.25,1.5,1.75,2,2.25,2.5,2.75,3,3.25,3.5,3.75,4,4.25,4.5,4.75,5,5.25,5.5,5.75,6,6.25,6.5,6.75,7,7.25,7.5,7.75,NaN,NaN,NaN,NaN,NaN,NaN,NaN,NaN,NaN,NaN,NaN,NaN,NaN,NaN,NaN,NaN,NaN,NaN,NaN,NaN,NaN,NaN,NaN,NaN,NaN,NaN,NaN,NaN,NaN,NaN,NaN,NaN,NaN,NaN,NaN,NaN,NaN,NaN,NaN,NaN,NaN,NaN,NaN,NaN,NaN,NaN,NaN,NaN,NaN,NaN,NaN,NaN
-4.75,-4.5,-4.25,-4,-3.75,-3.5,-3.25,-3,-2.75,-2.5,-2.25,-2,-1.75,-1.5,-1.25,-1,-0.75,-0.5,-0.25,0,0.25,0.5,0.75,1,1.25,1.5,1.75,2,2.25,2.5,2.75,3,3.25,3.5,3.75,4,4.25,4.5,4.75,5,5.25,5.5,5.75,6,6.25,6.5,6.75,7,7.25,NaN,NaN,NaN,NaN,NaN,NaN,NaN,NaN,NaN,NaN,NaN,NaN,NaN,NaN,NaN,NaN,NaN,NaN,NaN,NaN,NaN,NaN,NaN,NaN,NaN,NaN,NaN,NaN,NaN,NaN,NaN,NaN,NaN,NaN,NaN,NaN,NaN,NaN,NaN,NaN,NaN,NaN,NaN,NaN,NaN,NaN,NaN,NaN,NaN,NaN,NaN,NaN
-4.25,-4,-3.75,-3.5,-3.25,-3,-2.75,-2.5,-2.25,-2,-1.75,-1.5,-1.25,-1,-0.75,-0.5,-0.25,0,0.25,0.5,0.75,1,1.25,1.5,1.75,2,2.25,2.5,2.75,3,3.25,3.5,3.75,4,4.25,4.5,4.75,5,5.25,5.5,5.75,6,6.25,6.5,6.75,7,7.25,7.5,7.75,NaN,NaN,NaN,NaN,NaN,NaN,NaN,NaN,NaN,NaN,NaN,NaN,NaN,NaN,NaN,NaN,NaN,NaN,NaN,NaN,NaN,NaN,NaN,NaN,NaN,NaN,NaN,NaN,NaN,NaN,NaN,NaN,NaN,NaN,NaN,NaN,NaN,NaN,NaN,NaN,NaN,NaN,NaN,NaN,NaN,NaN,NaN,NaN,NaN,NaN,NaN,NaN
-4,-3.75,-3.5,-3.25,-3,-2.75,-2.5,-2.25,-2,-1.75,-1.5,-1.25,-1,-0.75,-0.5,-0.25,0,0.25,0.5,0.75,1,1.25,1.5,1.75,2,2.25,2.5,2.75,3,3.25,3.5,3.75,4,4.25,4.5,4.75,5,5.25,5.5,5.75,6,6.25,6.5,6.75,7,7.25,7.5,7.75,8,NaN,NaN,NaN,NaN,NaN,NaN,NaN,NaN,NaN,NaN,NaN,NaN,NaN,NaN,NaN,NaN,NaN,NaN,NaN,NaN,NaN,NaN,NaN,NaN,NaN,NaN,NaN,NaN,NaN,NaN,NaN,NaN,NaN,NaN,NaN,NaN,NaN,NaN,NaN,NaN,NaN,NaN,NaN,NaN,NaN,NaN,NaN,NaN,NaN,NaN,NaN,NaN
-6.24,-6.12,-6,-5.88,-5.76,-5.64,-5.52,-5.4,-5.28,-5.16,-5.04,-4.92,-4.8,-4.68,-4.56,-4.44,-4.32,-4.2,-4.08,-3.96,-3.84,-3.72,-3.6,-3.48,-3.36,-3.24,-3.12,-3,-2.88,-2.76,-2.64,-2.52,-2.4,-2.28,-2.16,-2.04,-1.92,-1.8,-1.68,-1.56,-1.44,-1.32,-1.2,-1.08,-0.96,-0.84,-0.72,-0.6,-0.48,-0.36,-0.24,-0.12,0,0.12,0.24,0.36,0.48,0.6,0.72,0.84,0.96,1.08,1.2,1.32,1.44,1.56,1.68,1.8,1.92,2.04,2.16,2.28,2.4,2.52,2.64,2.76,2.88,3,3.12,3.24,3.36,3.48,3.6,3.72,3.84,3.96,4.08,4.2,4.32,4.44,4.56,4.68,4.8,4.92,5.04,5.16,5.28,5.4,5.52,5.64,5.76
-6.25,-6,-5.75,-5.5,-5.25,-5,-4.75,-4.5,-4.25,-4,-3.75,-3.5,-3.25,-3,-2.75,-2.5,-2.25,-2,-1.75,-1.5,-1.25,-1,-0.75,-0.5,-0.25,0,0.25,0.5,0.75,1,1.25,1.5,1.75,2,2.25,2.5,2.75,3,3.25,3.5,3.75,4,4.25,4.5,4.75,5,5.25,5.5,5.75,NaN,NaN,NaN,NaN,NaN,NaN,NaN,NaN,NaN,NaN,NaN,NaN,NaN,NaN,NaN,NaN,NaN,NaN,NaN,NaN,NaN,NaN,NaN,NaN,NaN,NaN,NaN,NaN,NaN,NaN,NaN,NaN,NaN,NaN,NaN,NaN,NaN,NaN,NaN,NaN,NaN,NaN,NaN,NaN,NaN,NaN,NaN,NaN,NaN,NaN,NaN,NaN
-5.52,-5.4,-5.28,-5.16,-5.04,-4.92,-4.8,-4.68,-4.56,-4.44,-4.32,-4.2,-4.08,-3.96,-3.84,-3.72,-3.6,-3.48,-3.36,-3.24,-3.12,-3,-2.88,-2.76,-2.64,-2.52,-2.4,-2.28,-2.16,-2.04,-1.92,-1.8,-1.68,-1.56,-1.44,-1.32,-1.2,-1.08,-0.96,-0.84,-0.72,-0.6,-0.48,-0.36,-0.24,-0.12,0,0.12,0.24,0.36,0.48,0.6,0.72,0.84,0.96,1.08,1.2,1.32,1.44,1.56,1.68,1.8,1.92,2.04,2.16,2.28,2.4,2.52,2.64,2.76,2.88,3,3.12,3.24,3.36,3.48,3.6,3.72,3.84,3.96,4.08,4.2,4.32,4.44,4.56,4.68,4.8,4.92,5.04,5.16,5.28,5.4,5.52,5.64,5.76,5.88,6,6.12,6.24,6.36,6.48
-4.25,-4,-3.75,-3.5,-3.25,-3,-2.75,-2.5,-2.25,-2,-1.75,-1.5,-1.25,-1,-0.75,-0.5,-0.25,0,0.25,0.5,0.75,1,1.25,1.5,1.75,2,2.25,2.5,2.75,3,3.25,3.5,3.75,4,4.25,4.5,4.75,5,5.25,5.5,5.75,6,6.25,6.5,6.75,7,7.25,7.5,7.75,NaN,NaN,NaN,NaN,NaN,NaN,NaN,NaN,NaN,NaN,NaN,NaN,NaN,NaN,NaN,NaN,NaN,NaN,NaN,NaN,NaN,NaN,NaN,NaN,NaN,NaN,NaN,NaN,NaN,NaN,NaN,NaN,NaN,NaN,NaN,NaN,NaN,NaN,NaN,NaN,NaN,NaN,NaN,NaN,NaN,NaN,NaN,NaN,NaN,NaN,NaN,NaN
-4.5,-4.25,-4,-3.75,-3.5,-3.25,-3,-2.75,-2.5,-2.25,-2,-1.75,-1.5,-1.25,-1,-0.75,-0.5,-0.25,0,0.25,0.5,0.75,1,1.25,1.5,1.75,2,2.25,2.5,2.75,3,3.25,3.5,3.75,4,4.25,4.5,4.75,5,5.25,5.5,5.75,6,6.25,6.5,6.75,7,7.25,7.5,NaN,NaN,NaN,NaN,NaN,NaN,NaN,NaN,NaN,NaN,NaN,NaN,NaN,NaN,NaN,NaN,NaN,NaN,NaN,NaN,NaN,NaN,NaN,NaN,NaN,NaN,NaN,NaN,NaN,NaN,NaN,NaN,NaN,NaN,NaN,NaN,NaN,NaN,NaN,NaN,NaN,NaN,NaN,NaN,NaN,NaN,NaN,NaN,NaN,NaN,NaN,NaN
-4.25,-4,-3.75,-3.5,-3.25,-3,-2.75,-2.5,-2.25,-2,-1.75,-1.5,-1.25,-1,-0.75,-0.5,-0.25,0,0.25,0.5,0.75,1,1.25,1.5,1.75,2,2.25,2.5,2.75,3,3.25,3.5,3.75,4,4.25,4.5,4.75,5,5.25,5.5,5.75,6,6.25,6.5,6.75,7,7.25,7.5,7.75,NaN,NaN,NaN,NaN,NaN,NaN,NaN,NaN,NaN,NaN,NaN,NaN,NaN,NaN,NaN,NaN,NaN,NaN,NaN,NaN,NaN,NaN,NaN,NaN,NaN,NaN,NaN,NaN,NaN,NaN,NaN,NaN,NaN,NaN,NaN,NaN,NaN,NaN,NaN,NaN,NaN,NaN,NaN,NaN,NaN,NaN,NaN,NaN,NaN,NaN,NaN,NaN
-5.25,-5,-4.75,-4.5,-4.25,-4,-3.75,-3.5,-3.25,-3,-2.75,-2.5,-2.25,-2,-1.75,-1.5,-1.25,-1,-0.75,-0.5,-0.25,0,0.25,0.5,0.75,1,1.25,1.5,1.75,2,2.25,2.5,2.75,3,3.25,3.5,3.75,4,4.25,4.5,4.75,5,5.25,5.5,5.75,6,6.25,6.5,6.75,NaN,NaN,NaN,NaN,NaN,NaN,NaN,NaN,NaN,NaN,NaN,NaN,NaN,NaN,NaN,NaN,NaN,NaN,NaN,NaN,NaN,NaN,NaN,NaN,NaN,NaN,NaN,NaN,NaN,NaN,NaN,NaN,NaN,NaN,NaN,NaN,NaN,NaN,NaN,NaN,NaN,NaN,NaN,NaN,NaN,NaN,NaN,NaN,NaN,NaN,NaN,NaN
-4.75,-4.5,-4.25,-4,-3.75,-3.5,-3.25,-3,-2.75,-2.5,-2.25,-2,-1.75,-1.5,-1.25,-1,-0.75,-0.5,-0.25,0,0.25,0.5,0.75,1,1.25,1.5,1.75,2,2.25,2.5,2.75,3,3.25,3.5,3.75,4,4.25,4.5,4.75,5,5.25,5.5,5.75,6,6.25,6.5,6.75,7,7.25,NaN,NaN,NaN,NaN,NaN,NaN,NaN,NaN,NaN,NaN,NaN,NaN,NaN,NaN,NaN,NaN,NaN,NaN,NaN,NaN,NaN,NaN,NaN,NaN,NaN,NaN,NaN,NaN,NaN,NaN,NaN,NaN,NaN,NaN,NaN,NaN,NaN,NaN,NaN,NaN,NaN,NaN,NaN,NaN,NaN,NaN,NaN,NaN,NaN,NaN,NaN,NaN
-4.75,-4.5,-4.25,-4,-3.75,-3.5,-3.25,-3,-2.75,-2.5,-2.25,-2,-1.75,-1.5,-1.25,-1,-0.75,-0.5,-0.25,0,0.25,0.5,0.75,1,1.25,1.5,1.75,2,2.25,2.5,2.75,3,3.25,3.5,3.75,4,4.25,4.5,4.75,5,5.25,5.5,5.75,6,6.25,6.5,6.75,7,7.25,NaN,NaN,NaN,NaN,NaN,NaN,NaN,NaN,NaN,NaN,NaN,NaN,NaN,NaN,NaN,NaN,NaN,NaN,NaN,NaN,NaN,NaN,NaN,NaN,NaN,NaN,NaN,NaN,NaN,NaN,NaN,NaN,NaN,NaN,NaN,NaN,NaN,NaN,NaN,NaN,NaN,NaN,NaN,NaN,NaN,NaN,NaN,NaN,NaN,NaN,NaN,NaN
-5,-4.75,-4.5,-4.25,-4,-3.75,-3.5,-3.25,-3,-2.75,-2.5,-2.25,-2,-1.75,-1.5,-1.25,-1,-0.75,-0.5,-0.25,0,0.25,0.5,0.75,1,1.25,1.5,1.75,2,2.25,2.5,2.75,3,3.25,3.5,3.75,4,4.25,4.5,4.75,5,5.25,5.5,5.75,6,6.25,6.5,6.75,7,NaN,NaN,NaN,NaN,NaN,NaN,NaN,NaN,NaN,NaN,NaN,NaN,NaN,NaN,NaN,NaN,NaN,NaN,NaN,NaN,NaN,NaN,NaN,NaN,NaN,NaN,NaN,NaN,NaN,NaN,NaN,NaN,NaN,NaN,NaN,NaN,NaN,NaN,NaN,NaN,NaN,NaN,NaN,NaN,NaN,NaN,NaN,NaN,NaN,NaN,NaN,NaN
-6,-5.88,-5.76,-5.64,-5.52,-5.4,-5.28,-5.16,-5.04,-4.92,-4.8,-4.68,-4.56,-4.44,-4.32,-4.2,-4.08,-3.96,-3.84,-3.72,-3.6,-3.48,-3.36,-3.24,-3.12,-3,-2.88,-2.76,-2.64,-2.52,-2.4,-2.28,-2.16,-2.04,-1.92,-1.8,-1.68,-1.56,-1.44,-1.32,-1.2,-1.08,-0.96,-0.84,-0.72,-0.6,-0.48,-0.36,-0.24,-0.12,0,0.12,0.24,0.36,0.48,0.6,0.72,0.84,0.96,1.08,1.2,1.32,1.44,1.56,1.68,1.8,1.92,2.04,2.16,2.28,2.4,2.52,2.64,2.76,2.88,3,3.12,3.24,3.36,3.48,3.6,3.72,3.84,3.96,4.08,4.2,4.32,4.44,4.56,4.68,4.8,4.92,5.04,5.16,5.28,5.4,5.52,5.64,5.76,5.88,6
-4.5521,-4.3125,-4.0729,-3.8333,-3.5938,-3.3542,-3.1146,-2.875,-2.6354,-2.3958,-2.1563,-1.9167,-1.6771,-1.4375,-1.1979,-0.95833,-0.71875,-0.47917,-0.23958,0,0.23958,0.47917,0.71875,0.95833,1.1979,1.4375,1.6771,1.9167,2.1563,2.3958,2.6354,2.875,3.1146,3.3542,3.5938,3.8333,4.0729,4.3125,4.5521,4.7917,5.0313,5.2708,5.5104,5.75,5.9896,6.2292,6.4688,6.7083,6.9479,NaN,NaN,NaN,NaN,NaN,NaN,NaN,NaN,NaN,NaN,NaN,NaN,NaN,NaN,NaN,NaN,NaN,NaN,NaN,NaN,NaN,NaN,NaN,NaN,NaN,NaN,NaN,NaN,NaN,NaN,NaN,NaN,NaN,NaN,NaN,NaN,NaN,NaN,NaN,NaN,NaN,NaN,NaN,NaN,NaN,NaN,NaN,NaN,NaN,NaN,NaN,NaN
-4.25,-4,-3.75,-3.5,-3.25,-3,-2.75,-2.5,-2.25,-2,-1.75,-1.5,-1.25,-1,-0.75,-0.5,-0.25,0,0.25,0.5,0.75,1,1.25,1.5,1.75,2,2.25,2.5,2.75,3,3.25,3.5,3.75,4,4.25,4.5,4.75,5,5.25,5.5,5.75,6,6.25,6.5,6.75,7,7.25,7.5,7.75,NaN,NaN,NaN,NaN,NaN,NaN,NaN,NaN,NaN,NaN,NaN,NaN,NaN,NaN,NaN,NaN,NaN,NaN,NaN,NaN,NaN,NaN,NaN,NaN,NaN,NaN,NaN,NaN,NaN,NaN,NaN,NaN,NaN,NaN,NaN,NaN,NaN,NaN,NaN,NaN,NaN,NaN,NaN,NaN,NaN,NaN,NaN,NaN,NaN,NaN,NaN,NaN
-5.76,-5.64,-5.52,-5.4,-5.28,-5.16,-5.04,-4.92,-4.8,-4.68,-4.56,-4.44,-4.32,-4.2,-4.08,-3.96,-3.84,-3.72,-3.6,-3.48,-3.36,-3.24,-3.12,-3,-2.88,-2.76,-2.64,-2.52,-2.4,-2.28,-2.16,-2.04,-1.92,-1.8,-1.68,-1.56,-1.44,-1.32,-1.2,-1.08,-0.96,-0.84,-0.72,-0.6,-0.48,-0.36,-0.24,-0.12,0,0.12,0.24,0.36,0.48,0.6,0.72,0.84,0.96,1.08,1.2,1.32,1.44,1.56,1.68,1.8,1.92,2.04,2.16,2.28,2.4,2.52,2.64,2.76,2.88,3,3.12,3.24,3.36,3.48,3.6,3.72,3.84,3.96,4.08,4.2,4.32,4.44,4.56,4.68,4.8,4.92,5.04,5.16,5.28,5.4,5.52,5.64,5.76,5.88,6,6.12,6.24
-4,-3.75,-3.5,-3.25,-3,-2.75,-2.5,-2.25,-2,-1.75,-1.5,-1.25,-1,-0.75,-0.5,-0.25,0,0.25,0.5,0.75,1,1.25,1.5,1.75,2,2.25,2.5,2.75,3,3.25,3.5,3.75,4,4.25,4.5,4.75,5,5.25,5.5,5.75,6,6.25,6.5,6.75,7,7.25,7.5,7.75,8,NaN,NaN,NaN,NaN,NaN,NaN,NaN,NaN,NaN,NaN,NaN,NaN,NaN,NaN,NaN,NaN,NaN,NaN,NaN,NaN,NaN,NaN,NaN,NaN,NaN,NaN,NaN,NaN,NaN,NaN,NaN,NaN,NaN,NaN,NaN,NaN,NaN,NaN,NaN,NaN,NaN,NaN,NaN,NaN,NaN,NaN,NaN,NaN,NaN,NaN,NaN,NaN
-5.25,-5,-4.75,-4.5,-4.25,-4,-3.75,-3.5,-3.25,-3,-2.75,-2.5,-2.25,-2,-1.75,-1.5,-1.25,-1,-0.75,-0.5,-0.25,0,0.25,0.5,0.75,1,1.25,1.5,1.75,2,2.25,2.5,2.75,3,3.25,3.5,3.75,4,4.25,4.5,4.75,5,5.25,5.5,5.75,6,6.25,6.5,6.75,NaN,NaN,NaN,NaN,NaN,NaN,NaN,NaN,NaN,NaN,NaN,NaN,NaN,NaN,NaN,NaN,NaN,NaN,NaN,NaN,NaN,NaN,NaN,NaN,NaN,NaN,NaN,NaN,NaN,NaN,NaN,NaN,NaN,NaN,NaN,NaN,NaN,NaN,NaN,NaN,NaN,NaN,NaN,NaN,NaN,NaN,NaN,NaN,NaN,NaN,NaN,NaN
-4.5,-4.25,-4,-3.75,-3.5,-3.25,-3,-2.75,-2.5,-2.25,-2,-1.75,-1.5,-1.25,-1,-0.75,-0.5,-0.25,0,0.25,0.5,0.75,1,1.25,1.5,1.75,2,2.25,2.5,2.75,3,3.25,3.5,3.75,4,4.25,4.5,4.75,5,5.25,5.5,5.75,6,6.25,6.5,6.75,7,7.25,7.5,NaN,NaN,NaN,NaN,NaN,NaN,NaN,NaN,NaN,NaN,NaN,NaN,NaN,NaN,NaN,NaN,NaN,NaN,NaN,NaN,NaN,NaN,NaN,NaN,NaN,NaN,NaN,NaN,NaN,NaN,NaN,NaN,NaN,NaN,NaN,NaN,NaN,NaN,NaN,NaN,NaN,NaN,NaN,NaN,NaN,NaN,NaN,NaN,NaN,NaN,NaN,NaN
-4.5,-4.25,-4,-3.75,-3.5,-3.25,-3,-2.75,-2.5,-2.25,-2,-1.75,-1.5,-1.25,-1,-0.75,-0.5,-0.25,0,0.25,0.5,0.75,1,1.25,1.5,1.75,2,2.25,2.5,2.75,3,3.25,3.5,3.75,4,4.25,4.5,4.75,5,5.25,5.5,5.75,6,6.25,6.5,6.75,7,7.25,7.5,NaN,NaN,NaN,NaN,NaN,NaN,NaN,NaN,NaN,NaN,NaN,NaN,NaN,NaN,NaN,NaN,NaN,NaN,NaN,NaN,NaN,NaN,NaN,NaN,NaN,NaN,NaN,NaN,NaN,NaN,NaN,NaN,NaN,NaN,NaN,NaN,NaN,NaN,NaN,NaN,NaN,NaN,NaN,NaN,NaN,NaN,NaN,NaN,NaN,NaN,NaN,NaN
-4,-3.75,-3.5,-3.25,-3,-2.75,-2.5,-2.25,-2,-1.75,-1.5,-1.25,-1,-0.75,-0.5,-0.25,0,0.25,0.5,0.75,1,1.25,1.5,1.75,2,2.25,2.5,2.75,3,3.25,3.5,3.75,4,4.25,4.5,4.75,5,5.25,5.5,5.75,6,6.25,6.5,6.75,7,7.25,7.5,7.75,8,NaN,NaN,NaN,NaN,NaN,NaN,NaN,NaN,NaN,NaN,NaN,NaN,NaN,NaN,NaN,NaN,NaN,NaN,NaN,NaN,NaN,NaN,NaN,NaN,NaN,NaN,NaN,NaN,NaN,NaN,NaN,NaN,NaN,NaN,NaN,NaN,NaN,NaN,NaN,NaN,NaN,NaN,NaN,NaN,NaN,NaN,NaN,NaN,NaN,NaN,NaN,NaN
-4.5,-4.25,-4,-3.75,-3.5,-3.25,-3,-2.75,-2.5,-2.25,-2,-1.75,-1.5,-1.25,-1,-0.75,-0.5,-0.25,0,0.25,0.5,0.75,1,1.25,1.5,1.75,2,2.25,2.5,2.75,3,3.25,3.5,3.75,4,4.25,4.5,4.75,5,5.25,5.5,5.75,6,6.25,6.5,6.75,7,7.25,7.5,NaN,NaN,NaN,NaN,NaN,NaN,NaN,NaN,NaN,NaN,NaN,NaN,NaN,NaN,NaN,NaN,NaN,NaN,NaN,NaN,NaN,NaN,NaN,NaN,NaN,NaN,NaN,NaN,NaN,NaN,NaN,NaN,NaN,NaN,NaN,NaN,NaN,NaN,NaN,NaN,NaN,NaN,NaN,NaN,NaN,NaN,NaN,NaN,NaN,NaN,NaN,NaN
-4.5,-4.25,-4,-3.75,-3.5,-3.25,-3,-2.75,-2.5,-2.25,-2,-1.75,-1.5,-1.25,-1,-0.75,-0.5,-0.25,0,0.25,0.5,0.75,1,1.25,1.5,1.75,2,2.25,2.5,2.75,3,3.25,3.5,3.75,4,4.25,4.5,4.75,5,5.25,5.5,5.75,6,6.25,6.5,6.75,7,7.25,7.5,NaN,NaN,NaN,NaN,NaN,NaN,NaN,NaN,NaN,NaN,NaN,NaN,NaN,NaN,NaN,NaN,NaN,NaN,NaN,NaN,NaN,NaN,NaN,NaN,NaN,NaN,NaN,NaN,NaN,NaN,NaN,NaN,NaN,NaN,NaN,NaN,NaN,NaN,NaN,NaN,NaN,NaN,NaN,NaN,NaN,NaN,NaN,NaN,NaN,NaN,NaN,NaN
-6.24,-6.12,-6,-5.88,-5.76,-5.64,-5.52,-5.4,-5.28,-5.16,-5.04,-4.92,-4.8,-4.68,-4.56,-4.44,-4.32,-4.2,-4.08,-3.96,-3.84,-3.72,-3.6,-3.48,-3.36,-3.24,-3.12,-3,-2.88,-2.76,-2.64,-2.52,-2.4,-2.28,-2.16,-2.04,-1.92,-1.8,-1.68,-1.56,-1.44,-1.32,-1.2,-1.08,-0.96,-0.84,-0.72,-0.6,-0.48,-0.36,-0.24,-0.12,0,0.12,0.24,0.36,0.48,0.6,0.72,0.84,0.96,1.08,1.2,1.32,1.44,1.56,1.68,1.8,1.92,2.04,2.16,2.28,2.4,2.52,2.64,2.76,2.88,3,3.12,3.24,3.36,3.48,3.6,3.72,3.84,3.96,4.08,4.2,4.32,4.44,4.56,4.68,4.8,4.92,5.04,5.16,5.28,5.4,5.52,5.64,5.76
-6.4688,-6.2292,-5.9896,-5.75,-5.5104,-5.2708,-5.0313,-4.7917,-4.5521,-4.3125,-4.0729,-3.8333,-3.5938,-3.3542,-3.1146,-2.875,-2.6354,-2.3958,-2.1563,-1.9167,-1.6771,-1.4375,-1.1979,-0.95833,-0.71875,-0.47917,-0.23958,0,0.23958,0.47917,0.71875,0.95833,1.1979,1.4375,1.6771,1.9167,2.1563,2.3958,2.6354,2.875,3.1146,3.3542,3.5938,3.8333,4.0729,4.3125,4.5521,4.7917,5.0313,NaN,NaN,NaN,NaN,NaN,NaN,NaN,NaN,NaN,NaN,NaN,NaN,NaN,NaN,NaN,NaN,NaN,NaN,NaN,NaN,NaN,NaN,NaN,NaN,NaN,NaN,NaN,NaN,NaN,NaN,NaN,NaN,NaN,NaN,NaN,NaN,NaN,NaN,NaN,NaN,NaN,NaN,NaN,NaN,NaN,NaN,NaN,NaN,NaN,NaN,NaN,NaN
-5,-4.75,-4.5,-4.25,-4,-3.75,-3.5,-3.25,-3,-2.75,-2.5,-2.25,-2,-1.75,-1.5,-1.25,-1,-0.75,-0.5,-0.25,0,0.25,0.5,0.75,1,1.25,1.5,1.75,2,2.25,2.5,2.75,3,3.25,3.5,3.75,4,4.25,4.5,4.75,5,5.25,5.5,5.75,6,6.25,6.5,6.75,7,NaN,NaN,NaN,NaN,NaN,NaN,NaN,NaN,NaN,NaN,NaN,NaN,NaN,NaN,NaN,NaN,NaN,NaN,NaN,NaN,NaN,NaN,NaN,NaN,NaN,NaN,NaN,NaN,NaN,NaN,NaN,NaN,NaN,NaN,NaN,NaN,NaN,NaN,NaN,NaN,NaN,NaN,NaN,NaN,NaN,NaN,NaN,NaN,NaN,NaN,NaN,NaN
-8.04,-7.92,-7.8,-7.68,-7.56,-7.44,-7.32,-7.2,-7.08,-6.96,-6.84,-6.72,-6.6,-6.48,-6.36,-6.24,-6.12,-6,-5.88,-5.76,-5.64,-5.52,-5.4,-5.28,-5.16,-5.04,-4.92,-4.8,-4.68,-4.56,-4.44,-4.32,-4.2,-4.08,-3.96,-3.84,-3.72,-3.6,-3.48,-3.36,-3.24,-3.12,-3,-2.88,-2.76,-2.64,-2.52,-2.4,-2.28,-2.16,-2.04,-1.92,-1.8,-1.68,-1.56,-1.44,-1.32,-1.2,-1.08,-0.96,-0.84,-0.72,-0.6,-0.48,-0.36,-0.24,-0.12,0,0.12,0.24,0.36,0.48,0.6,0.72,0.84,0.96,1.08,1.2,1.32,1.44,1.56,1.68,1.8,1.92,2.04,2.16,2.28,2.4,2.52,2.64,2.76,2.88,3,3.12,3.24,3.36,3.48,3.6,3.72,3.84,3.96
-4,-3.75,-3.5,-3.25,-3,-2.75,-2.5,-2.25,-2,-1.75,-1.5,-1.25,-1,-0.75,-0.5,-0.25,0,0.25,0.5,0.75,1,1.25,1.5,1.75,2,2.25,2.5,2.75,3,3.25,3.5,3.75,4,4.25,4.5,4.75,5,5.25,5.5,5.75,6,6.25,6.5,6.75,7,7.25,7.5,7.75,8,NaN,NaN,NaN,NaN,NaN,NaN,NaN,NaN,NaN,NaN,NaN,NaN,NaN,NaN,NaN,NaN,NaN,NaN,NaN,NaN,NaN,NaN,NaN,NaN,NaN,NaN,NaN,NaN,NaN,NaN,NaN,NaN,NaN,NaN,NaN,NaN,NaN,NaN,NaN,NaN,NaN,NaN,NaN,NaN,NaN,NaN,NaN,NaN,NaN,NaN,NaN,NaN
-4.25,-4,-3.75,-3.5,-3.25,-3,-2.75,-2.5,-2.25,-2,-1.75,-1.5,-1.25,-1,-0.75,-0.5,-0.25,0,0.25,0.5,0.75,1,1.25,1.5,1.75,2,2.25,2.5,2.75,3,3.25,3.5,3.75,4,4.25,4.5,4.75,5,5.25,5.5,5.75,6,6.25,6.5,6.75,7,7.25,7.5,7.75,NaN,NaN,NaN,NaN,NaN,NaN,NaN,NaN,NaN,NaN,NaN,NaN,NaN,NaN,NaN,NaN,NaN,NaN,NaN,NaN,NaN,NaN,NaN,NaN,NaN,NaN,NaN,NaN,NaN,NaN,NaN,NaN,NaN,NaN,NaN,NaN,NaN,NaN,NaN,NaN,NaN,NaN,NaN,NaN,NaN,NaN,NaN,NaN,NaN,NaN,NaN,NaN
-4,-3.75,-3.5,-3.25,-3,-2.75,-2.5,-2.25,-2,-1.75,-1.5,-1.25,-1,-0.75,-0.5,-0.25,0,0.25,0.5,0.75,1,1.25,1.5,1.75,2,2.25,2.5,2.75,3,3.25,3.5,3.75,4,4.25,4.5,4.75,5,5.25,5.5,5.75,6,6.25,6.5,6.75,7,7.25,7.5,7.75,8,NaN,NaN,NaN,NaN,NaN,NaN,NaN,NaN,NaN,NaN,NaN,NaN,NaN,NaN,NaN,NaN,NaN,NaN,NaN,NaN,NaN,NaN,NaN,NaN,NaN,NaN,NaN,NaN,NaN,NaN,NaN,NaN,NaN,NaN,NaN,NaN,NaN,NaN,NaN,NaN,NaN,NaN,NaN,NaN,NaN,NaN,NaN,NaN,NaN,NaN,NaN,NaN
-6,-5.75,-5.5,-5.25,-5,-4.75,-4.5,-4.25,-4,-3.75,-3.5,-3.25,-3,-2.75,-2.5,-2.25,-2,-1.75,-1.5,-1.25,-1,-0.75,-0.5,-0.25,0,0.25,0.5,0.75,1,1.25,1.5,1.75,2,2.25,2.5,2.75,3,3.25,3.5,3.75,4,4.25,4.5,4.75,5,5.25,5.5,5.75,6,NaN,NaN,NaN,NaN,NaN,NaN,NaN,NaN,NaN,NaN,NaN,NaN,NaN,NaN,NaN,NaN,NaN,NaN,NaN,NaN,NaN,NaN,NaN,NaN,NaN,NaN,NaN,NaN,NaN,NaN,NaN,NaN,NaN,NaN,NaN,NaN,NaN,NaN,NaN,NaN,NaN,NaN,NaN,NaN,NaN,NaN,NaN,NaN,NaN,NaN,NaN,NaN
-4.25,-4,-3.75,-3.5,-3.25,-3,-2.75,-2.5,-2.25,-2,-1.75,-1.5,-1.25,-1,-0.75,-0.5,-0.25,0,0.25,0.5,0.75,1,1.25,1.5,1.75,2,2.25,2.5,2.75,3,3.25,3.5,3.75,4,4.25,4.5,4.75,5,5.25,5.5,5.75,6,6.25,6.5,6.75,7,7.25,7.5,7.75,NaN,NaN,NaN,NaN,NaN,NaN,NaN,NaN,NaN,NaN,NaN,NaN,NaN,NaN,NaN,NaN,NaN,NaN,NaN,NaN,NaN,NaN,NaN,NaN,NaN,NaN,NaN,NaN,NaN,NaN,NaN,NaN,NaN,NaN,NaN,NaN,NaN,NaN,NaN,NaN,NaN,NaN,NaN,NaN,NaN,NaN,NaN,NaN,NaN,NaN,NaN,NaN
-5,-4.75,-4.5,-4.25,-4,-3.75,-3.5,-3.25,-3,-2.75,-2.5,-2.25,-2,-1.75,-1.5,-1.25,-1,-0.75,-0.5,-0.25,0,0.25,0.5,0.75,1,1.25,1.5,1.75,2,2.25,2.5,2.75,3,3.25,3.5,3.75,4,4.25,4.5,4.75,5,5.25,5.5,5.75,6,6.25,6.5,6.75,7,NaN,NaN,NaN,NaN,NaN,NaN,NaN,NaN,NaN,NaN,NaN,NaN,NaN,NaN,NaN,NaN,NaN,NaN,NaN,NaN,NaN,NaN,NaN,NaN,NaN,NaN,NaN,NaN,NaN,NaN,NaN,NaN,NaN,NaN,NaN,NaN,NaN,NaN,NaN,NaN,NaN,NaN,NaN,NaN,NaN,NaN,NaN,NaN,NaN,NaN,NaN,NaN
-5.76,-5.64,-5.52,-5.4,-5.28,-5.16,-5.04,-4.92,-4.8,-4.68,-4.56,-4.44,-4.32,-4.2,-4.08,-3.96,-3.84,-3.72,-3.6,-3.48,-3.36,-3.24,-3.12,-3,-2.88,-2.76,-2.64,-2.52,-2.4,-2.28,-2.16,-2.04,-1.92,-1.8,-1.68,-1.56,-1.44,-1.32,-1.2,-1.08,-0.96,-0.84,-0.72,-0.6,-0.48,-0.36,-0.24,-0.12,0,0.12,0.24,0.36,0.48,0.6,0.72,0.84,0.96,1.08,1.2,1.32,1.44,1.56,1.68,1.8,1.92,2.04,2.16,2.28,2.4,2.52,2.64,2.76,2.88,3,3.12,3.24,3.36,3.48,3.6,3.72,3.84,3.96,4.08,4.2,4.32,4.44,4.56,4.68,4.8,4.92,5.04,5.16,5.28,5.4,5.52,5.64,5.76,5.88,6,6.12,6.24
-4.3125,-4.0729,-3.8333,-3.5938,-3.3542,-3.1146,-2.875,-2.6354,-2.3958,-2.1563,-1.9167,-1.6771,-1.4375,-1.1979,-0.95833,-0.71875,-0.47917,-0.23958,0,0.23958,0.47917,0.71875,0.95833,1.1979,1.4375,1.6771,1.9167,2.1563,2.3958,2.6354,2.875,3.1146,3.3542,3.5938,3.8333,4.0729,4.3125,4.5521,4.7917,5.0313,5.2708,5.5104,5.75,5.9896,6.2292,6.4688,6.7083,6.9479,7.1875,NaN,NaN,NaN,NaN,NaN,NaN,NaN,NaN,NaN,NaN,NaN,NaN,NaN,NaN,NaN,NaN,NaN,NaN,NaN,NaN,NaN,NaN,NaN,NaN,NaN,NaN,NaN,NaN,NaN,NaN,NaN,NaN,NaN,NaN,NaN,NaN,NaN,NaN,NaN,NaN,NaN,NaN,NaN,NaN,NaN,NaN,NaN,NaN,NaN,NaN,NaN,NaN
-5.5,-5.25,-5,-4.75,-4.5,-4.25,-4,-3.75,-3.5,-3.25,-3,-2.75,-2.5,-2.25,-2,-1.75,-1.5,-1.25,-1,-0.75,-0.5,-0.25,0,0.25,0.5,0.75,1,1.25,1.5,1.75,2,2.25,2.5,2.75,3,3.25,3.5,3.75,4,4.25,4.5,4.75,5,5.25,5.5,5.75,6,6.25,6.5,NaN,NaN,NaN,NaN,NaN,NaN,NaN,NaN,NaN,NaN,NaN,NaN,NaN,NaN,NaN,NaN,NaN,NaN,NaN,NaN,NaN,NaN,NaN,NaN,NaN,NaN,NaN,NaN,NaN,NaN,NaN,NaN,NaN,NaN,NaN,NaN,NaN,NaN,NaN,NaN,NaN,NaN,NaN,NaN,NaN,NaN,NaN,NaN,NaN,NaN,NaN,NaN
-5.64,-5.52,-5.4,-5.28,-5.16,-5.04,-4.92,-4.8,-4.68,-4.56,-4.44,-4.32,-4.2,-4.08,-3.96,-3.84,-3.72,-3.6,-3.48,-3.36,-3.24,-3.12,-3,-2.88,-2.76,-2.64,-2.52,-2.4,-2.28,-2.16,-2.04,-1.92,-1.8,-1.68,-1.56,-1.44,-1.32,-1.2,-1.08,-0.96,-0.84,-0.72,-0.6,-0.48,-0.36,-0.24,-0.12,0,0.12,0.24,0.36,0.48,0.6,0.72,0.84,0.96,1.08,1.2,1.32,1.44,1.56,1.68,1.8,1.92,2.04,2.16,2.28,2.4,2.52,2.64,2.76,2.88,3,3.12,3.24,3.36,3.48,3.6,3.72,3.84,3.96,4.08,4.2,4.32,4.44,4.56,4.68,4.8,4.92,5.04,5.16,5.28,5.4,5.52,5.64,5.76,5.88,6,6.12,6.24,6.36
-4.25,-4,-3.75,-3.5,-3.25,-3,-2.75,-2.5,-2.25,-2,-1.75,-1.5,-1.25,-1,-0.75,-0.5,-0.25,0,0.25,0.5,0.75,1,1.25,1.5,1.75,2,2.25,2.5,2.75,3,3.25,3.5,3.75,4,4.25,4.5,4.75,5,5.25,5.5,5.75,6,6.25,6.5,6.75,7,7.25,7.5,7.75,NaN,NaN,NaN,NaN,NaN,NaN,NaN,NaN,NaN,NaN,NaN,NaN,NaN,NaN,NaN,NaN,NaN,NaN,NaN,NaN,NaN,NaN,NaN,NaN,NaN,NaN,NaN,NaN,NaN,NaN,NaN,NaN,NaN,NaN,NaN,NaN,NaN,NaN,NaN,NaN,NaN,NaN,NaN,NaN,NaN,NaN,NaN,NaN,NaN,NaN,NaN,NaN
-5.5,-5.25,-5,-4.75,-4.5,-4.25,-4,-3.75,-3.5,-3.25,-3,-2.75,-2.5,-2.25,-2,-1.75,-1.5,-1.25,-1,-0.75,-0.5,-0.25,0,0.25,0.5,0.75,1,1.25,1.5,1.75,2,2.25,2.5,2.75,3,3.25,3.5,3.75,4,4.25,4.5,4.75,5,5.25,5.5,5.75,6,6.25,6.5,NaN,NaN,NaN,NaN,NaN,NaN,NaN,NaN,NaN,NaN,NaN,NaN,NaN,NaN,NaN,NaN,NaN,NaN,NaN,NaN,NaN,NaN,NaN,NaN,NaN,NaN,NaN,NaN,NaN,NaN,NaN,NaN,NaN,NaN,NaN,NaN,NaN,NaN,NaN,NaN,NaN,NaN,NaN,NaN,NaN,NaN,NaN,NaN,NaN,NaN,NaN,NaN
-4.5,-4.25,-4,-3.75,-3.5,-3.25,-3,-2.75,-2.5,-2.25,-2,-1.75,-1.5,-1.25,-1,-0.75,-0.5,-0.25,0,0.25,0.5,0.75,1,1.25,1.5,1.75,2,2.25,2.5,2.75,3,3.25,3.5,3.75,4,4.25,4.5,4.75,5,5.25,5.5,5.75,6,6.25,6.5,6.75,7,7.25,7.5,NaN,NaN,NaN,NaN,NaN,NaN,NaN,NaN,NaN,NaN,NaN,NaN,NaN,NaN,NaN,NaN,NaN,NaN,NaN,NaN,NaN,NaN,NaN,NaN,NaN,NaN,NaN,NaN,NaN,NaN,NaN,NaN,NaN,NaN,NaN,NaN,NaN,NaN,NaN,NaN,NaN,NaN,NaN,NaN,NaN,NaN,NaN,NaN,NaN,NaN,NaN,NaN
-4.25,-4,-3.75,-3.5,-3.25,-3,-2.75,-2.5,-2.25,-2,-1.75,-1.5,-1.25,-1,-0.75,-0.5,-0.25,0,0.25,0.5,0.75,1,1.25,1.5,1.75,2,2.25,2.5,2.75,3,3.25,3.5,3.75,4,4.25,4.5,4.75,5,5.25,5.5,5.75,6,6.25,6.5,6.75,7,7.25,7.5,7.75,NaN,NaN,NaN,NaN,NaN,NaN,NaN,NaN,NaN,NaN,NaN,NaN,NaN,NaN,NaN,NaN,NaN,NaN,NaN,NaN,NaN,NaN,NaN,NaN,NaN,NaN,NaN,NaN,NaN,NaN,NaN,NaN,NaN,NaN,NaN,NaN,NaN,NaN,NaN,NaN,NaN,NaN,NaN,NaN,NaN,NaN,NaN,NaN,NaN,NaN,NaN,NaN
-5.25,-5,-4.75,-4.5,-4.25,-4,-3.75,-3.5,-3.25,-3,-2.75,-2.5,-2.25,-2,-1.75,-1.5,-1.25,-1,-0.75,-0.5,-0.25,0,0.25,0.5,0.75,1,1.25,1.5,1.75,2,2.25,2.5,2.75,3,3.25,3.5,3.75,4,4.25,4.5,4.75,5,5.25,5.5,5.75,6,6.25,6.5,6.75,NaN,NaN,NaN,NaN,NaN,NaN,NaN,NaN,NaN,NaN,NaN,NaN,NaN,NaN,NaN,NaN,NaN,NaN,NaN,NaN,NaN,NaN,NaN,NaN,NaN,NaN,NaN,NaN,NaN,NaN,NaN,NaN,NaN,NaN,NaN,NaN,NaN,NaN,NaN,NaN,NaN,NaN,NaN,NaN,NaN,NaN,NaN,NaN,NaN,NaN,NaN,NaN
-5.25,-5,-4.75,-4.5,-4.25,-4,-3.75,-3.5,-3.25,-3,-2.75,-2.5,-2.25,-2,-1.75,-1.5,-1.25,-1,-0.75,-0.5,-0.25,0,0.25,0.5,0.75,1,1.25,1.5,1.75,2,2.25,2.5,2.75,3,3.25,3.5,3.75,4,4.25,4.5,4.75,5,5.25,5.5,5.75,6,6.25,6.5,6.75,NaN,NaN,NaN,NaN,NaN,NaN,NaN,NaN,NaN,NaN,NaN,NaN,NaN,NaN,NaN,NaN,NaN,NaN,NaN,NaN,NaN,NaN,NaN,NaN,NaN,NaN,NaN,NaN,NaN,NaN,NaN,NaN,NaN,NaN,NaN,NaN,NaN,NaN,NaN,NaN,NaN,NaN,NaN,NaN,NaN,NaN,NaN,NaN,NaN,NaN,NaN,NaN
-6.75,-6.5,-6.25,-6,-5.75,-5.5,-5.25,-5,-4.75,-4.5,-4.25,-4,-3.75,-3.5,-3.25,-3,-2.75,-2.5,-2.25,-2,-1.75,-1.5,-1.25,-1,-0.75,-0.5,-0.25,0,0.25,0.5,0.75,1,1.25,1.5,1.75,2,2.25,2.5,2.75,3,3.25,3.5,3.75,4,4.25,4.5,4.75,5,5.25,NaN,NaN,NaN,NaN,NaN,NaN,NaN,NaN,NaN,NaN,NaN,NaN,NaN,NaN,NaN,NaN,NaN,NaN,NaN,NaN,NaN,NaN,NaN,NaN,NaN,NaN,NaN,NaN,NaN,NaN,NaN,NaN,NaN,NaN,NaN,NaN,NaN,NaN,NaN,NaN,NaN,NaN,NaN,NaN,NaN,NaN,NaN,NaN,NaN,NaN,NaN,NaN
-5.25,-5,-4.75,-4.5,-4.25,-4,-3.75,-3.5,-3.25,-3,-2.75,-2.5,-2.25,-2,-1.75,-1.5,-1.25,-1,-0.75,-0.5,-0.25,0,0.25,0.5,0.75,1,1.25,1.5,1.75,2,2.25,2.5,2.75,3,3.25,3.5,3.75,4,4.25,4.5,4.75,5,5.25,5.5,5.75,6,6.25,6.5,6.75,NaN,NaN,NaN,NaN,NaN,NaN,NaN,NaN,NaN,NaN,NaN,NaN,NaN,NaN,NaN,NaN,NaN,NaN,NaN,NaN,NaN,NaN,NaN,NaN,NaN,NaN,NaN,NaN,NaN,NaN,NaN,NaN,NaN,NaN,NaN,NaN,NaN,NaN,NaN,NaN,NaN,NaN,NaN,NaN,NaN,NaN,NaN,NaN,NaN,NaN,NaN,NaN
